Experiment,LLM Loss,Loss,Gap %
Vanilla,328.8475016276042,333.85760803222655,-0.01536262453107966
Exp1_A,350.7656178792318,344.9750142415365,0.016210804770131093
Exp1_B,348.7966328938802,343.3409779866536,0.015371293582374696
Exp1_C,330.8412567138672,327.07265625,0.011065716022712961
