Experiment,LLM Loss,Loss,Gap %
Vanilla,328.8475016276042,333.85760803222655,-0.01536262453107966
Exp1_A,346.5222585042318,344.9750142415365,0.004416350579086614
Exp1_B,344.87754313151044,343.3409779866536,0.0044128573542078576
Exp1_C,328.11888834635414,327.07265625,0.003202296832742135
