Experiment,Prior Association Loss,True Name Loss,Gap %
Vanilla,326.1868377685547,338.34923400878904,-0.03751036565513702
Control,346.95819396972655,345.3981201171875,0.004488314938020532
"Treatment A:
Auxiliary Augmented",346.1217376708984,344.75132446289064,0.003959586009850309
"Treatment B:
Full Augmented",330.94822692871094,331.1596435546875,-0.0007296911709201177
