Experiment,LLM Loss,Loss
Vanilla,326.1868377685547,338.34923400878904
Exp1_A,346.95819396972655,345.3981201171875
Exp1_B,346.1217376708984,344.75132446289064
Exp1_C,330.94822692871094,331.1596435546875
