Experiment,LLM Loss,Loss
Vanilla,328.8475016276042,333.85760803222655
Exp1_A,346.5222585042318,344.9750142415365
Exp1_B,344.87754313151044,343.3409779866536
Exp1_C,328.11888834635414,327.07265625
