Experiment,LLM Loss,Loss
Vanilla,326.1868377685547,338.34923400878904
Exp1_A,344.54653015136716,345.3981201171875
Exp1_B,343.7218811035156,344.75132446289064
Exp1_C,329.2707489013672,331.1596435546875
