Experiment,LLM Loss,Loss
Vanilla,328.8475016276042,333.85760803222655
Exp1_A,350.7656178792318,344.9750142415365
Exp1_B,348.7966328938802,343.3409779866536
Exp1_C,330.8412567138672,327.07265625
