Experiment,LLM Loss,Loss
Vanilla,330.49754740397134,348.9694763183594
Exp1_A,347.7815450032552,345.1002685546875
Exp1_B,345.5900126139323,343.5825673421224
Exp1_C,329.5666158040365,327.51869099934896
