Experiment,LLM Loss,Loss
Vanilla,330.49754740397134,348.9694763183594
Exp1_A,359.98631693522134,345.1002685546875
Exp1_B,358.35712381998695,343.5825673421224
