Experiment,LLM Loss,Loss,Gap %
Vanilla,326.1868377685547,338.34923400878904,-0.03751036565513702
Exp1_A,344.54653015136716,345.3981201171875,-0.002554956922951365
Exp1_B,343.7218811035156,344.75132446289064,-0.003063964887216987
Exp1_C,329.2707489013672,331.1596435546875,-0.005774752104607401
